–°—Å—ã–ª–∫–∞,–ê–≤—Ç–æ—Ä,–î–∞—Ç–∞,–û–ø–∏—Å–∞–Ω–∏–µ,–•—ç—à—Ç–µ–≥–∏,–ü—Ä–æ—Å–º–æ—Ç—Ä—ã,–õ–∞–π–∫–∏,–ö–æ–º–º–µ–Ω—Ç–∞—Ä–∏–∏,–ó–≤—É–∫
https://instagram.fkgf3-1.fna.fbcdn.net/o1/v/t2/f2/m86/AQONZnaL23JsK70O9mla5u1iPbWBxfZESmKEeQnM2QXzXuF6Z3ewcQHjqESgfHJcYkG8TbzJSRpLwtdxBpwMA5fQtjG7pf4cgtZe-U4.mp4?_nc_cat=111&_nc_oc=Adl2qqURpxHnYK872BX8JpwZXZavBjtNTSBeSBuYsJ9urfOmCmm3tiGUv8oRwPvpais&_nc_sid=5e9851&_nc_ht=instagram.fkgf3-1.fna.fbcdn.net&_nc_ohc=32PqAkjwGGUQ7kNvwGyPpvO&efg=eyJ2ZW5jb2RlX3RhZyI6Inhwdl9wcm9ncmVzc2l2ZS5JTlNUQUdSQU0uQ0xJUFMuQzMuNzIwLmRhc2hfYmFzZWxpbmVfMV92MSIsInhwdl9hc3NldF9pZCI6MTA3Njg2MjQ0MDk2NTYwMiwidmlfdXNlY2FzZV9pZCI6MTAwOTksImR1cmF0aW9uX3MiOjI4LCJ1cmxnZW5fc291cmNlIjoid3d3In0%3D&ccb=17-1&vs=cd4e9f1a7577acab&_nc_vs=HBksFQIYUmlnX3hwdl9yZWVsc19wZXJtYW5lbnRfc3JfcHJvZC9FMDREMzhBQzBGNTdGOUVGNDMzODk1M0U5MzhBQzU4OV92aWRlb19kYXNoaW5pdC5tcDQVAALIARIAFQIYOnBhc3N0aHJvdWdoX2V2ZXJzdG9yZS9HTnliMGgyTDZ1dm8xRzRFQU1vb0RBMHpXSWNRYnFfRUFBQUYVAgLIARIAKAAYABsCiAd1c2Vfb2lsATEScHJvZ3Jlc3NpdmVfcmVjaXBlATEVAAAmxJegtNLZ6QMVAigCQzMsF0A8GZmZmZmaGBJkYXNoX2Jhc2VsaW5lXzFfdjERAHX-B2XmnQEA&_nc_zt=28&oh=00_AfKldmbAkYkAbCnZWRcloiAajXVcPRTpCI60Tu_TyLNVEQ&oe=68366784,fattmariaphoto,2025-05-26 10:51:36+00:00,"I see this a lot on product pages, the background is completely white and the glass doesn't have nice shape. I lower the exposure on the background by about a stop so there's contrast between the reflections and background, but the background still reads as white.

#studio #photography #lighting #glass #background #reflections #learn",,0,180,6,
https://instagram.fkgf3-1.fna.fbcdn.net/o1/v/t2/f2/m86/AQNwPNzJrG9P_u4UHuacql6uAyUphkD4KP9u6J0MEWaXU6o-ykTw65A4ngRY9_5bVD_dTtEQEoJHOUQOl4hEiVojSArclzQ36AzYeXY.mp4?_nc_cat=108&_nc_oc=AdnnN679_TaEhb_tOpGO-QRNgvhZTETWLDDqrZ9Z_UquArKWMb0HyCIXgfeTlRQE9Ss&_nc_sid=5e9851&_nc_ht=instagram.fkgf3-1.fna.fbcdn.net&_nc_ohc=-9PoAMRRTH0Q7kNvwHW_qpB&efg=eyJ2ZW5jb2RlX3RhZyI6Inhwdl9wcm9ncmVzc2l2ZS5JTlNUQUdSQU0uQ0xJUFMuQzMuNzIwLmRhc2hfYmFzZWxpbmVfMV92MSIsInhwdl9hc3NldF9pZCI6OTk4MDYwMDQ1NjQzNTEyLCJ2aV91c2VjYXNlX2lkIjoxMDA5OSwiZHVyYXRpb25fcyI6NjEsInVybGdlbl9zb3VyY2UiOiJ3d3cifQ%3D%3D&ccb=17-1&vs=9b68199929d15e26&_nc_vs=HBksFQIYUmlnX3hwdl9yZWVsc19wZXJtYW5lbnRfc3JfcHJvZC9FQzQwRkUzQUEyREYyMTc3OUE1MTU0OEI1REYyOTk4NV92aWRlb19kYXNoaW5pdC5tcDQVAALIARIAFQIYOnBhc3N0aHJvdWdoX2V2ZXJzdG9yZS9HTlNsMVIxS1pFWUoyeGNGQUxTXzZRbnZSNTk5YnFfRUFBQUYVAgLIARIAKAAYABsCiAd1c2Vfb2lsATEScHJvZ3Jlc3NpdmVfcmVjaXBlATEVAAAm8Lvh597uxQMVAigCQzMsF0BOqp--dsi0GBJkYXNoX2Jhc2VsaW5lXzFfdjERAHX-B2XmnQEA&_nc_zt=28&oh=00_AfIMWqctqWhsy7K1XaYumWW5xtumBzAIEHVCA_Flc_vWww&oe=68365E0D,cleaningwithalexis,2025-05-25 16:32:37+00:00,ENJOY!üíïCOLLAB with the bestie! @ashlyncleans be sure to check out her video! Used~foca laundry powder and oxi Palmolive dish soap. Love scrubbing this table with a sudsy combo. #table #suds #sudsy #glass #cleaning #trending #foryoupage #scrubbing #laundry #scrub {11:33am},,0,842,6,
https://instagram.fkgf3-1.fna.fbcdn.net/o1/v/t2/f2/m86/AQO3iJjm2ORc-VWFU2EBaqbkHHaLGBq2GGbiRmNItTRZ3OevZT-k6d-ZPht6KY_QXioQrCTWrDWl2tQrDWwkG0XwfPvQTsVKiVakFUw.mp4?_nc_cat=104&_nc_oc=Adl4R7QmFBbZ_5UTFxkRjY3q7gcTe4ds-fLIh_jET1jnRVyh_TNHvqqs93x5bpPquzw&_nc_sid=5e9851&_nc_ht=instagram.fkgf3-1.fna.fbcdn.net&_nc_ohc=HIaOzq-QlJwQ7kNvwHyqR6b&efg=eyJ2ZW5jb2RlX3RhZyI6Inhwdl9wcm9ncmVzc2l2ZS5JTlNUQUdSQU0uQ0xJUFMuQzMuNzIwLmRhc2hfYmFzZWxpbmVfMV92MSIsInhwdl9hc3NldF9pZCI6NzA4MzY1MTc4MzM4OTA4LCJ2aV91c2VjYXNlX2lkIjoxMDA5OSwiZHVyYXRpb25fcyI6MTEsInVybGdlbl9zb3VyY2UiOiJ3d3cifQ%3D%3D&ccb=17-1&vs=fb9b1a1b4677e21d&_nc_vs=HBksFQIYUmlnX3hwdl9yZWVsc19wZXJtYW5lbnRfc3JfcHJvZC8xNjRENTJBQzUwQjBCNEU5OTk4RDE3ODRCQUVGOTlCN192aWRlb19kYXNoaW5pdC5tcDQVAALIARIAFQIYOnBhc3N0aHJvdWdoX2V2ZXJzdG9yZS9HRXRHeHgwQ21TaHhETFlEQUNiTllRLURXZHNmYnFfRUFBQUYVAgLIARIAKAAYABsCiAd1c2Vfb2lsATEScHJvZ3Jlc3NpdmVfcmVjaXBlATEVAAAmuPmb7aOQwgIVAigCQzMsF0AmIcrAgxJvGBJkYXNoX2Jhc2VsaW5lXzFfdjERAHX-B2XmnQEA&_nc_zt=28&oh=00_AfL-mR-7uPcZyBlGJC-eguHMfnVlNkBI3Mo5uxe2Vp5bqg&oe=68366EE1,zaijianmosaic,2025-05-26 09:00:00+00:00,"üåø Emerald Oasis: Summer‚Äôs Coolest Escapeüåø 

Dive into a jungle of jade, moss, and seafoam‚Äîgreen mosaic collection is summer bottled in mosaic. From tropical Murano glass to rainforest-inspired stone, each design brings nature‚Äôs chill to your walls.

üì© DM to set your space ablaze. üçÉ
-
-
-
-
#zaijianmosaic
#mosaic
#art
#glass
#design
#bathroom
#mosaicart
#marble
#interiordesign
#interiors
#bathroomdesign
#decor
#dreamhome
#lifestyle
#tile
#marblemosaic
#floor
#floordesign
#livingroom
#tiledesign
#luxuryliving
#dreamhome
#hongkongdesign
#waterjetmosaic
#muranoglass
#backsplash
#floortiles
#tilework
#kitchen
#house",,0,1359,16,
https://instagram.fkgf3-1.fna.fbcdn.net/o1/v/t2/f2/m86/AQPqDygkEDBeeeD7Xoa2JtFV-B8upZLcGAcfqihFLh7J3PaclM1eXfekyohVQto8gitH-D0v-_0PsRi8CSSGF7HxYjDaD6iIEv5gx_o.mp4?_nc_cat=110&_nc_oc=Adms9pVXos6SWMHlsfs6W7a3Cd2Kn0kqKqe20i5GPX9IF5AP9vz7S15rECqNUHJu1Hk&_nc_sid=5e9851&_nc_ht=instagram.fkgf3-1.fna.fbcdn.net&_nc_ohc=YKJE0YCrJB0Q7kNvwFZCBsr&efg=eyJ2ZW5jb2RlX3RhZyI6Inhwdl9wcm9ncmVzc2l2ZS5JTlNUQUdSQU0uQ0xJUFMuQzMuNzE4LmRhc2hfYmFzZWxpbmVfMV92MSIsInhwdl9hc3NldF9pZCI6NDEwMzU5ODI5OTk1OTQwOCwidmlfdXNlY2FzZV9pZCI6MTAwOTksImR1cmF0aW9uX3MiOjExLCJ1cmxnZW5fc291cmNlIjoid3d3In0%3D&ccb=17-1&vs=2c8ab8471daac2fc&_nc_vs=HBkcFQIYUmlnX3hwdl9yZWVsc19wZXJtYW5lbnRfc3JfcHJvZC8yMjRDQjFDRTM0OUNDNjE0NDZCNDVBNzIyMTc5OEQ4Q192aWRlb19kYXNoaW5pdC5tcDQVAALIARIAKAAYABsCiAd1c2Vfb2lsATEScHJvZ3Jlc3NpdmVfcmVjaXBlATEVAAAm4MHC7-2Myg4VAigCQzMsF0Amd0vGp--eGBJkYXNoX2Jhc2VsaW5lXzFfdjERAHX-B2XmnQEA&_nc_zt=28&oh=00_AfLle2CDNIsLTZtuZJogIVCYdMiylB8EhEwEvC786j2Ufw&oe=6836658B,kitpaulson,2025-05-20 18:54:29+00:00,"I was making this thing, then I realized I didn‚Äôt want to make it after all, so I quit. I was going to dispose of it but on the way to disposal I stuck it on this nail outside my studio and this may be the best it‚Äôs ever looked.
.
.
.
#glass #borosilicate #flameworking #gothicarchitecture #knowwhentoquit #failure",,0,661,21,
https://instagram.fkgf3-1.fna.fbcdn.net/o1/v/t2/f2/m86/AQOlDfmCzzxVIhdTHBMhVP8pv-I_gOq2ZE11ZOSiqrAxsN0hsbUZiDYgtHVu-XGgE9LqYFMEnsPtmhn6n5leeNR9zOgTwzCQY8GFpss.mp4?_nc_cat=107&_nc_oc=AdlT-_HMp8AVUad8_D9otNTALPVxGj1jg5-cfWbnpHP5ieExUPMlYKSx_7u6LWdJ5-E&_nc_sid=5e9851&_nc_ht=instagram.fkgf3-1.fna.fbcdn.net&_nc_ohc=nBg1tWjiJ04Q7kNvwFQniDt&efg=eyJ2ZW5jb2RlX3RhZyI6Inhwdl9wcm9ncmVzc2l2ZS5JTlNUQUdSQU0uQ0xJUFMuQzMuNzIwLmRhc2hfYmFzZWxpbmVfMV92MSIsInhwdl9hc3NldF9pZCI6NjY2OTE2MDc5NDA2MDIwLCJ2aV91c2VjYXNlX2lkIjoxMDA5OSwiZHVyYXRpb25fcyI6OCwidXJsZ2VuX3NvdXJjZSI6Ind3dyJ9&ccb=17-1&vs=8a844e34ac9e1306&_nc_vs=HBksFQIYUmlnX3hwdl9yZWVsc19wZXJtYW5lbnRfc3JfcHJvZC80MTQ1MkJEREUxNTYxNTk5ODAyODA1RjU0NDEzNUI5Ql92aWRlb19kYXNoaW5pdC5tcDQVAALIARIAFQIYOnBhc3N0aHJvdWdoX2V2ZXJzdG9yZS9HRHN3aFIxTGlIZzJaeEVHQUdabEEtYzg0dzlTYnFfRUFBQUYVAgLIARIAKAAYABsCiAd1c2Vfb2lsATEScHJvZ3Jlc3NpdmVfcmVjaXBlATEVAAAmiK-QgNCjrwIVAigCQzMsF0AgVP3ztkWiGBJkYXNoX2Jhc2VsaW5lXzFfdjERAHX-B2XmnQEA&_nc_zt=28&oh=00_AfI-uDKJPNVl1EANPouMk23hgl6bTppEylmnOzpteJTnpA&oe=683676FC,jewel.hrizolit,2025-05-05 17:57:47+00:00,"–í–æ–ª—à–µ–±—Å—Ç–≤–æ —ç–º–∞–ª–∏ ‚ú®The magic of enamel

#art #pliqueajour #stainedglass #glass #jewel #enamel #–∏—Å–∫—É—Å—Å—Ç–≤–æ #—é–≤–µ–ª–∏—Ä–Ω–æ–µ–∏—Å–∫—É—Å—Å—Ç–≤–æ #–º–∞—Å—Ç–µ—Ä—Å–∫–∞—è—Ö—Ä–∏–∑–æ–ª–∏—Ç #–≤–∏—Ç—Ä–∞–∂–Ω–∞—è–ø–æ—Å—É–¥–∞ #—ç–º–∞–ª—å #—Å–∫–∞–Ω—å #–≤–∏—Ç—Ä–∞–∂–Ω–∞—è—ç–º–∞–ª—å #–ø–æ—Å—É–¥–∞",,0,616,37,
https://instagram.fkgf3-1.fna.fbcdn.net/o1/v/t16/f2/m261/AQONe7ppk9UnUqfsrzn8q0l0kA239ETi10zYtLjZdbqilrMVwCQ4m-XmYt-ZTgxAm-_9pa7USJTOXdTCUqZYeKLySABNf0HRPtrmlg.mp4?_nc_cat=101&_nc_oc=AdkzaO3Kg_IZQf_0bL4hqFVroWv-wAAjbR8Hmq49xR_NRNRJqu9gypVzMCSuTIh6Fb8&_nc_sid=8bf8fe&_nc_ht=instagram.fkgf3-1.fna.fbcdn.net&_nc_ohc=-efqrdeqK3gQ7kNvwGF6GPM&efg=eyJ2ZW5jb2RlX3RhZyI6Inhwdl9wcm9ncmVzc2l2ZS5JTlNUQUdSQU0uQ0xJUFMuQzMuMTQ0MC5yZW11eF9zb3VyY2UiLCJ4cHZfYXNzZXRfaWQiOjE3MDA3ODcxNTEzMTQ1MzQsInZpX3VzZWNhc2VfaWQiOjEwODI3LCJkdXJhdGlvbl9zIjoyNCwidXJsZ2VuX3NvdXJjZSI6Ind3dyJ9&ccb=17-1&_nc_zt=28&oh=00_AfJ5wgAozwireGFmoiwPGS9ZJ7jXh67_CmMqAqRALFwtyQ&oe=68366B7B,adorno.design,2025-05-22 03:05:00+00:00,"Experimental Argentine artist based in Barcelona. ‚ÄúMy work focuses on flame-working with blown glass, exploring a non-existent dreamlike world based on dreams and the creation of other realities. Through innovative techniques and a multidisciplinary approach, I aim to challenge conventions and offer a profound reflection on identity and diversity. My pieces not only highlight the fragility of the material but also evoke a sense of resilience and connection to the multiple realities that coexist within our experience.‚Äù

-PIA GLASSWORKS

Browse the collection at link in bio

#glass #glassart #glassblowing #glassblowingart #glassblown #glassdesign #glassdecor #glasscraft #glassartist #glassart",,0,729,24,
https://instagram.fkgf3-1.fna.fbcdn.net/o1/v/t2/f2/m86/AQNu1lw4oDKvqPz8LITcN3JCrcag9OfW4MXnaux5vKmwXuhhN4lV8eykmERsOSsn5CqizStdEjLYDSES2g9ehe2JPALBVk0vlyyyMr4.mp4?_nc_cat=107&_nc_oc=Adk1vEa-GgqO12bZwwUxYdNTMDwii-ypqD1g3Osz48dmIeKW94d-wpXxBDLnMQZydQY&_nc_sid=5e9851&_nc_ht=instagram.fkgf3-1.fna.fbcdn.net&_nc_ohc=RrzNAh88DdMQ7kNvwHKKiTb&efg=eyJ2ZW5jb2RlX3RhZyI6Inhwdl9wcm9ncmVzc2l2ZS5JTlNUQUdSQU0uQ0xJUFMuQzMuNzE4LmRhc2hfYmFzZWxpbmVfMV92MSIsInhwdl9hc3NldF9pZCI6MTI2NDgyOTIxMTg4MjM1OCwidmlfdXNlY2FzZV9pZCI6MTAwOTksImR1cmF0aW9uX3MiOjIzLCJ1cmxnZW5fc291cmNlIjoid3d3In0%3D&ccb=17-1&vs=32d46462ffd8d749&_nc_vs=HBksFQIYUmlnX3hwdl9yZWVsc19wZXJtYW5lbnRfc3JfcHJvZC9FQzQ0MURCOUUzNjcwMTVFQkFCNDVGNEM2NUNCQzY4OF92aWRlb19kYXNoaW5pdC5tcDQVAALIARIAFQIYOnBhc3N0aHJvdWdoX2V2ZXJzdG9yZS9HQThrNWgzNVFTYU0xY01HQU5zWnUxRHNKWnR2YnFfRUFBQUYVAgLIARIAKAAYABsCiAd1c2Vfb2lsATEScHJvZ3Jlc3NpdmVfcmVjaXBlATEVAAAm7M2B_t-WvwQVAigCQzMsF0A35mZmZmZmGBJkYXNoX2Jhc2VsaW5lXzFfdjERAHX-B2XmnQEA&_nc_zt=28&oh=00_AfJYtlgxRqlPkmhC0EHIUU6fmiNuYbIJ62NWtR4ByzDw_g&oe=68368820,chinawindowdoors,2025-05-26 02:27:55+00:00,"Sunshine by day, shelter by rain! PC transparent canopies upgrade homes & shops‚òî
‚úÖCrystal clarity ‚úÖUltra-durable ‚úÖEasy installation
For Homes: Enjoy rainy days in your garden with natural light
For Stores: Protect signage & welcome customers 24/7/365
üëâTap to design your perfect cover

#pc #pcboard #glass #acrylic #uv #PatioGoals #WeatherProtection #HomeAndBusiness #awning #awnings #canopy  #outdoor #outdoorliving #home #aluminium #aluminumalloy #patio #garden #diy #chinafactory #factory #homedecor¬†#decor #family¬†#summer",,0,145,10,
https://instagram.fkgf3-1.fna.fbcdn.net/o1/v/t16/f2/m69/AQOy1eLOv2vvzsAmUgGHbx0r0gBqfJ0L6ZaAGrkpDecf-bN31DnZhRBHscpEiUIh095p7sr361e56xIkAIdZH-OW.mp4?strext=1&_nc_cat=103&_nc_oc=AdmJb2iDuXwlDZOzG_PzSN3p1rWo_2DN1jUlcfOmqVe6QWiEt280ePHYnxVINUySaCA&_nc_sid=5e9851&_nc_ht=instagram.fkgf3-1.fna.fbcdn.net&_nc_ohc=1Haf_uocobQQ7kNvwE7hnuF&efg=eyJ2ZW5jb2RlX3RhZyI6Inhwdl9wcm9ncmVzc2l2ZS5JTlNUQUdSQU0uQ0xJUFMuQzMuMzYwLmRhc2hfaDI2NC1iYXNpYy1nZW4yXzM2MHAiLCJ4cHZfYXNzZXRfaWQiOjk1ODI1ODgzNjUxODYxNzIsInZpX3VzZWNhc2VfaWQiOjEwMTIwLCJkdXJhdGlvbl9zIjo4MCwidXJsZ2VuX3NvdXJjZSI6Ind3dyJ9&ccb=17-1&vs=4ed7fc4720e7028f&_nc_vs=HBksFQIYOnBhc3N0aHJvdWdoX2V2ZXJzdG9yZS9HSlZseVIwSkczb2FNcElDQUdqQ1pfV0paLUZMYm1kakFBQUYVAALIARIAFQIYOnBhc3N0aHJvdWdoX2V2ZXJzdG9yZS9HTHRsMGgyem8xV1dtZ3NDQUM0UWtBY05SWEJmYnY0R0FBQUYVAgLIARIAKAAYABsCiAd1c2Vfb2lsATEScHJvZ3Jlc3NpdmVfcmVjaXBlATEVAAAm-JHJ-IbUhSIVAigCQzMsF0BUNU_fO2RaGBlkYXNoX2gyNjQtYmFzaWMtZ2VuMl8zNjBwEQB1_gdlkJ4BAA&_nc_zt=28&oh=00_AfJv9h4Xu-shTVyaOSSV8LgQovqxMkLDbwFS4zEw5uXpTA&oe=683A826D,roj898822,2025-05-24 03:19:59+00:00,#roj8988 #‡πÅ‡∏Å‡πâ‡∏ß‡∏ï‡∏±‡∏î‡∏à‡∏≤‡∏Å‡∏Ç‡∏ß‡∏î  #handmade #diy #glass #bottle #businessideas,,0,396,5,
https://instagram.fkgf3-1.fna.fbcdn.net/o1/v/t2/f2/m86/AQO7HHfIgpQWs3zclmV94LVjvpYcJlEN0dgmmALAPlYXNHA3OuBL7CollPEX44yz9uYs5q6v0hzgE_z5kBF_lliui_1Q-8aqyJvdTaI.mp4?_nc_cat=105&_nc_oc=Admb0d3g7byGD6dZUovr1EO1prACqb9-cAg1Gfq6x-aldDAMtkx5ojrFdoz1pNvVEfc&_nc_sid=5e9851&_nc_ht=instagram.fkgf3-1.fna.fbcdn.net&_nc_ohc=QswveFsuFzwQ7kNvwF-_1Y8&efg=eyJ2ZW5jb2RlX3RhZyI6Inhwdl9wcm9ncmVzc2l2ZS5JTlNUQUdSQU0uQ0xJUFMuQzMuNzE4LmRhc2hfYmFzZWxpbmVfMV92MSIsInhwdl9hc3NldF9pZCI6Nzc2MTkzNjQ0OTEwODQ1LCJ2aV91c2VjYXNlX2lkIjoxMDA5OSwiZHVyYXRpb25fcyI6MTYsInVybGdlbl9zb3VyY2UiOiJ3d3cifQ%3D%3D&ccb=17-1&vs=357ff23f1ef73699&_nc_vs=HBksFQIYUmlnX3hwdl9yZWVsc19wZXJtYW5lbnRfc3JfcHJvZC9GODQxRkJDNUY3NTk4RTdDQzc5RTkzQ0U1OTcwRTg5MV92aWRlb19kYXNoaW5pdC5tcDQVAALIARIAFQIYOnBhc3N0aHJvdWdoX2V2ZXJzdG9yZS9HTDgyMkIxRHl5MkxzTWNFQUswWTFyMGNOS3BvYnFfRUFBQUYVAgLIARIAKAAYABsCiAd1c2Vfb2lsATEScHJvZ3Jlc3NpdmVfcmVjaXBlATEVAAAm-uPap7X84AIVAigCQzMsF0AwkOVgQYk3GBJkYXNoX2Jhc2VsaW5lXzFfdjERAHX-B2XmnQEA&_nc_zt=28&oh=00_AfK7nYsQLmrv4YA6i4wRxNImJFcWTQWxOvRKKjl4Q0cvNA&oe=68367ECA,chinawindowdoors,2025-05-23 02:09:43+00:00,"A video tells you how strong the PC transparent board is.

#pc #pcboard #glass #acrylic #uv #PatioGoals #RetailSolutions #SmartLiving #WeatherProtection #HomeAndBusiness #awning #awnings #canopy #sunshade  #outdoor #outdoorliving #home #aluminium #aluminumalloy #chinafactory #factory #homedecor¬†#decor",,0,637,66,
https://instagram.fkgf3-1.fna.fbcdn.net/o1/v/t2/f2/m86/AQPcN7llvdcp0SnhPWQt3bmQ78OkyyEZizVDZuftn496OJRWe0VOf9tLYEV8TwwMr7sHzc0LTjgDsTnd8JPWAkS4hlaX_hvlgyFLvI8.mp4?_nc_cat=102&_nc_oc=AdksXHqo8B2EbRcLtr2KQN5N65Yoy7-ZahbAH9kcTKcdNjYp3YcDbFIzoWn0anXAAAc&_nc_sid=5e9851&_nc_ht=instagram.fkgf3-1.fna.fbcdn.net&_nc_ohc=m58sFV6K2YUQ7kNvwGsOsgy&efg=eyJ2ZW5jb2RlX3RhZyI6Inhwdl9wcm9ncmVzc2l2ZS5JTlNUQUdSQU0uQ0xJUFMuQzMuNzIwLmRhc2hfYmFzZWxpbmVfMV92MSIsInhwdl9hc3NldF9pZCI6NDIwMjg2MjkwNjY1OTY2MywidmlfdXNlY2FzZV9pZCI6MTAwOTksImR1cmF0aW9uX3MiOjYsInVybGdlbl9zb3VyY2UiOiJ3d3cifQ%3D%3D&ccb=17-1&vs=d23d2fc1d9881978&_nc_vs=HBksFQIYUmlnX3hwdl9yZWVsc19wZXJtYW5lbnRfc3JfcHJvZC84NjRCMjA4RTRGODVFNzlCNEY3QUExRDI5NkNGNTlCMl92aWRlb19kYXNoaW5pdC5tcDQVAALIARIAFQIYOnBhc3N0aHJvdWdoX2V2ZXJzdG9yZS9HQThDcWgyV3dUaXJYcThEQVBPREZjWDYycTBHYnFfRUFBQUYVAgLIARIAKAAYABsCiAd1c2Vfb2lsATEScHJvZ3Jlc3NpdmVfcmVjaXBlATEVAAAmns266eie9w4VAigCQzMsF0Ab3S8an753GBJkYXNoX2Jhc2VsaW5lXzFfdjERAHX-B2XmnQEA&_nc_zt=28&oh=00_AfK_9Zu5Qkgg_wUFcKuTqMVzrRFmkdg3awKPO0K5jT4KoQ&oe=6836736F,matt.cott,2025-05-19 05:22:41+00:00,"Olivia-5x7in Ambrotype-Green stained glass 

#largeformatphotography #largeformatportrait #portrait #portraitphotography #wetplatecollodion #wetplatephotography #tintype #ambrotype #analog #historic #alternativeprocess #5x7 #newplymouthnz #taranaki #taranaki_nz #nzart #visualart #filmphotography #glass #positive #green #memories #heirloom #blackandwhitephotography #blackandwhite #wave #stainedglass #stainedglassart @oliviadayjewellery",,0,2505,53,
https://instagram.fkgf3-1.fna.fbcdn.net/o1/v/t2/f2/m86/AQMEcwuv3kYM7mXLJcxoeFTKS98FGy6pL5ULNf6ZVlHFLdcUzSYGpcfzcL7CRfqLjJoVsWyqNnn8IexHQPTYVrhQBnV626QdOcPgx0w.mp4?_nc_cat=101&_nc_oc=Adlx6lySZ78pZLasGAZEeaa81B4PZkxMEswP5IqSShRyitFsaEfK55rcL4c6N-8lt3Q&_nc_sid=5e9851&_nc_ht=instagram.fkgf3-1.fna.fbcdn.net&_nc_ohc=s3fCELW-kOwQ7kNvwF62kl2&efg=eyJ2ZW5jb2RlX3RhZyI6Inhwdl9wcm9ncmVzc2l2ZS5JTlNUQUdSQU0uQ0xJUFMuQzMuNDgwLmRhc2hfYmFzZWxpbmVfMV92MSIsInhwdl9hc3NldF9pZCI6MzIyMDM0ODE3MTQ0ODQ5MiwidmlfdXNlY2FzZV9pZCI6MTAwOTksImR1cmF0aW9uX3MiOjcsInVybGdlbl9zb3VyY2UiOiJ3d3cifQ%3D%3D&ccb=17-1&vs=f9223a27f40162e9&_nc_vs=HBksFQIYUmlnX3hwdl9yZWVsc19wZXJtYW5lbnRfc3JfcHJvZC81NDQ0MjUyRkI5RjFENkMzMkI0M0IwN0ZERkYxREZBM192aWRlb19kYXNoaW5pdC5tcDQVAALIARIAFQIYOnBhc3N0aHJvdWdoX2V2ZXJzdG9yZS9HS3F1NEIzRmRoS1RRR29DQUVTYnUxTF81c2tnYnFfRUFBQUYVAgLIARIAKAAYABsCiAd1c2Vfb2lsATEScHJvZ3Jlc3NpdmVfcmVjaXBlATEVAAAm2ML_zPe4uAsVAigCQzMsF0AfVP3ztkWiGBJkYXNoX2Jhc2VsaW5lXzFfdjERAHX-B2XmnQEA&_nc_zt=28&oh=00_AfLpK_LbAoVZQhms_6NI6ZGS54V1K8ukOUc5BQ3qa-2TrQ&oe=6836752A,expertdesign1,2025-05-25 18:14:17+00:00,"How cool is this? Share this with someone that would love this conceptüëáüòç

üé• By @sunnyjoy_sunroom

Follow us at¬†@expertdesign1 @deway.studio

#window¬†#partition¬†#glass #interiordesign¬†#architecture¬†#windowconcept ¬†#innovation¬†#designlovers¬†#glassdesign¬†#reels #video  #conceptdesign",,0,220,5,
https://instagram.fkgf3-1.fna.fbcdn.net/o1/v/t2/f2/m86/AQPi5GiEK89ssXDyBmnMDl7WHX1HrrEPixtR2PBCbukTxlb6Oa2mn43eUpz9VcyxjayIsEc7zz7gHPaFYL95NcXlu8yfPwjXliwnQdU.mp4?_nc_cat=109&_nc_oc=Adl-TBYGeU4GvLUOypWZDQq0irsbzuwxYSBMGlLdFTaXPg-90h22cZaVtNKz3bfYUXo&_nc_sid=5e9851&_nc_ht=instagram.fkgf3-1.fna.fbcdn.net&_nc_ohc=KlWivFHRowkQ7kNvwFBdY1g&efg=eyJ2ZW5jb2RlX3RhZyI6Inhwdl9wcm9ncmVzc2l2ZS5JTlNUQUdSQU0uQ0xJUFMuQzMuNzIwLmRhc2hfYmFzZWxpbmVfMV92MSIsInhwdl9hc3NldF9pZCI6OTkwOTg1MTQ5NTA5MjU4LCJ2aV91c2VjYXNlX2lkIjoxMDA5OSwiZHVyYXRpb25fcyI6ODUsInVybGdlbl9zb3VyY2UiOiJ3d3cifQ%3D%3D&ccb=17-1&vs=e1632a16b489dddc&_nc_vs=HBksFQIYUmlnX3hwdl9yZWVsc19wZXJtYW5lbnRfc3JfcHJvZC81NDQ0QjZERjg5MEEyNTgwQUIzOTNBQUFENDM2OEVCM192aWRlb19kYXNoaW5pdC5tcDQVAALIARIAFQIYOnBhc3N0aHJvdWdoX2V2ZXJzdG9yZS9HQXdxMGgwWHpmUXgwdFFGQUtBM3piZ1FDbzg1YnFfRUFBQUYVAgLIARIAKAAYABsCiAd1c2Vfb2lsATEScHJvZ3Jlc3NpdmVfcmVjaXBlATEVAAAmlLqD3fbSwgMVAigCQzMsF0BVQhysCDEnGBJkYXNoX2Jhc2VsaW5lXzFfdjERAHX-B2XmnQEA&_nc_zt=28&oh=00_AfKsEx-18Cq_aN4XKHLCXLLegGBVkuKmRyztbUbC4FEN3g&oe=68367EC2,wild.isle.glass,2025-05-26 13:13:43+00:00,"Rubik‚Äôs Cube Part: 23

You know, when I dropped that one square and wildly swung the cube/punty through the air I really thought nothing of it‚Ä¶ until I was watching this and saw how close I must have been to hitting something or having a connection break and it just flinging off and into a wall or the floor. I got lucky so many times with this project it‚Äôs insane!

Still slow going, we only get two squares placed here because I REALLY struggled with them, as you could see. P.s. what do you do when you get sweaty palms!?!? That‚Äôs never happened before and it was getting really hard to turn the piece without it slipping. This makes me think that might just be a fun bonus challenge about glass working during the hot summer months?

#rubikscube #rubikscubes #cube #create #flameworking #glassart #glassartist #lampwork #glass #borosilicate #lampworking #flamework",,0,170,11,
https://instagram.fkgf3-1.fna.fbcdn.net/o1/v/t2/f2/m86/AQPBOxva7P22to_IVzWz0UHNiJhI195bDbgkepmgXIaYqhUCb7nO1OsfPofQ8N-JjUYiuOp5OYfHpO2NMmJEbwVrf_f2KsEucpjpVlY.mp4?_nc_cat=100&_nc_oc=AdmUIg17je7ATaMyzV_0SbjNXFkTIe1OGK_Ca7_FMsvzFT9sjTLv1OX-jPf66UaCSF8&_nc_sid=5e9851&_nc_ht=instagram.fkgf3-1.fna.fbcdn.net&_nc_ohc=WvoZXTt53gMQ7kNvwFuOV-m&efg=eyJ2ZW5jb2RlX3RhZyI6Inhwdl9wcm9ncmVzc2l2ZS5JTlNUQUdSQU0uQ0xJUFMuQzMuNzIwLmRhc2hfYmFzZWxpbmVfMV92MSIsInhwdl9hc3NldF9pZCI6MTkwMjQ5MTg1MzgyNjcyMiwidmlfdXNlY2FzZV9pZCI6MTAwOTksImR1cmF0aW9uX3MiOjE2LCJ1cmxnZW5fc291cmNlIjoid3d3In0%3D&ccb=17-1&vs=5bbdd66b8c0101b0&_nc_vs=HBksFQIYUmlnX3hwdl9yZWVsc19wZXJtYW5lbnRfc3JfcHJvZC81MjQ5MjkyQTdDMzE3NDgxRDhERUQ1QzQ5REMzMUJCOF92aWRlb19kYXNoaW5pdC5tcDQVAALIARIAFQIYOnBhc3N0aHJvdWdoX2V2ZXJzdG9yZS9HSnVzcEIzRjBSU3FmSHdHQUEwYzdDbUE5eUJCYnFfRUFBQUYVAgLIARIAKAAYABsCiAd1c2Vfb2lsATEScHJvZ3Jlc3NpdmVfcmVjaXBlATEVAAAmxKqV8syT4QYVAigCQzMsF0AwZmZmZmZmGBJkYXNoX2Jhc2VsaW5lXzFfdjERAHX-B2XmnQEA&_nc_zt=28&oh=00_AfKyisrgYRTLroNZH7uDAY-WYmBGXPFr1slHlT1JMyIooQ&oe=683666AD,thisiswhyidrink,2025-05-13 16:29:13+00:00,"I drank a lot üçª

#drinking #drinks #drink #cocktails #beer #bar 
#alcohol #drinkup #cocktail #wine #bartender #party #drinkstagram #mixology #liquor #cheers #instagood #thirsty #love #friends #food  #gin #photooftheday #whiskey #vodka #yummy #drunk #happyhour #glass",,0,767,4,
https://instagram.fkgf3-1.fna.fbcdn.net/o1/v/t2/f2/m86/AQOFcmv-8z9q_0voRZQJZO81vaAAGMEnY5ctn8bS5lkCS_j7k6Hy01GgvJDG1YO4HiEU2ZHPRDm2Ncb2V_dsGfuZilMVSJ1YJgM4KOg.mp4?_nc_cat=106&_nc_oc=Adlxv4yyQHBmlSDKy5bqXziHJGuh2WECf5Bl3_imM2V7_LCABwf0Cw3pZ736bU2KL6g&_nc_sid=5e9851&_nc_ht=instagram.fkgf3-1.fna.fbcdn.net&_nc_ohc=iIjcRRrnKWUQ7kNvwHmsg-W&efg=eyJ2ZW5jb2RlX3RhZyI6Inhwdl9wcm9ncmVzc2l2ZS5JTlNUQUdSQU0uQ0xJUFMuQzMuNzIwLmRhc2hfYmFzZWxpbmVfMV92MSIsInhwdl9hc3NldF9pZCI6MTU4MTM4Mzg0OTE5Mjg3MSwidmlfdXNlY2FzZV9pZCI6MTAwOTksImR1cmF0aW9uX3MiOjE0LCJ1cmxnZW5fc291cmNlIjoid3d3In0%3D&ccb=17-1&vs=32cccc0b6bf7b1f9&_nc_vs=HBksFQIYUmlnX3hwdl9yZWVsc19wZXJtYW5lbnRfc3JfcHJvZC9DRDQ4RkU4NzNEOUE4Q0M0RjAwN0JBRjc4NDdBODk5M192aWRlb19kYXNoaW5pdC5tcDQVAALIARIAFQIYOnBhc3N0aHJvdWdoX2V2ZXJzdG9yZS9HRzZTaGgzczV3cTd5V2tFQU9YSlgtSkR6Mm9qYnFfRUFBQUYVAgLIARIAKAAYABsCiAd1c2Vfb2lsATEScHJvZ3Jlc3NpdmVfcmVjaXBlATEVAAAmzrat6dOQzwUVAigCQzMsF0AszMzMzMzNGBJkYXNoX2Jhc2VsaW5lXzFfdjERAHX-B2XmnQEA&_nc_zt=28&oh=00_AfIvR0OtpUeuJeZmxBTmCQa4g6JBjVvF3WoQmZuo67PVFQ&oe=68368257,annas_bak,2025-05-14 17:13:12+00:00,"Snickersglass p√• 4 ingredienser. üç® 

Du beh√∂ver:
2 frysta bananer 
250 ml kokosgr√§dde 
2-4 msk jordn√∂tssm√∂r 
30-40 gram m√∂rk sockerfri choklad 

Obs finns m√∂rk choklad som √§r med socker s√• anv√§nd sockerfri alternativt en variant utan vitt socker ‚ù§Ô∏è

F√∂r vegansk se till s√• du v√§ljer en vegansk choklad! 

G√∂r s√•h√§r: 
Skiva bananerna i mindre bitar och l√§gg in i frysen n√•gra timmar eller √∂ver natten. Mixa bananerna med kokosgr√§dde till en sl√§t smet. H√§ll upp i en form och toppa med jordn√∂tssm√∂r och hackad choklad. St√§ll in i frysen i ca 2 h. Klart! ‚úÖ

Obs om du l√•ter den st√• i frysen l√§ngre kan glassen beh√∂va st√• framme en stund innan servering (ca 20 min) f√∂r att bli r√§tt konsistens.

#glass #snickersglass #glassrecept #nyttigglass #sockerfritt",,0,3048,164,
https://instagram.fkgf3-1.fna.fbcdn.net/o1/v/t2/f2/m86/AQPS2O7HISph2ppRTbESS-lcv6gTN89OW0iSb-NnTeDpZma_nY8yrE8hpYPNx0Bcd52ovZdhJVjKnAX42F8zxKdtJp_2astJXb-BsWs.mp4?_nc_cat=111&_nc_oc=AdnwYrAh0MyMGbB8XyCbz-KfG4Ih4QTP0iadW-E3DKdjcTKHkDxt38JwIvDq1VuVLoY&_nc_sid=5e9851&_nc_ht=instagram.fkgf3-1.fna.fbcdn.net&_nc_ohc=gH2nWBw2uDUQ7kNvwF4qqKl&efg=eyJ2ZW5jb2RlX3RhZyI6Inhwdl9wcm9ncmVzc2l2ZS5JTlNUQUdSQU0uQ0xJUFMuQzMuNzIwLmRhc2hfYmFzZWxpbmVfMV92MSIsInhwdl9hc3NldF9pZCI6NzAyOTU5ODUyNDM2MDM4LCJ2aV91c2VjYXNlX2lkIjoxMDA5OSwiZHVyYXRpb25fcyI6MTgsInVybGdlbl9zb3VyY2UiOiJ3d3cifQ%3D%3D&ccb=17-1&vs=6387a5cf74ef9003&_nc_vs=HBksFQIYUmlnX3hwdl9yZWVsc19wZXJtYW5lbnRfc3JfcHJvZC81MzQ1OUZGOUVEQjBFMDc5NkJERDdFM0NFRjUwNzA5Q192aWRlb19kYXNoaW5pdC5tcDQVAALIARIAFQIYOnBhc3N0aHJvdWdoX2V2ZXJzdG9yZS9HRldVMkIybU5zVzFTdU1HQVAzazViM0tQU2M2YnFfRUFBQUYVAgLIARIAKAAYABsCiAd1c2Vfb2lsATEScHJvZ3Jlc3NpdmVfcmVjaXBlATEVAAAmjOndhNPVvwIVAigCQzMsF0Ay9gQYk3S8GBJkYXNoX2Jhc2VsaW5lXzFfdjERAHX-B2XmnQEA&_nc_zt=28&oh=00_AfIRQPmn23ohQ53ycIXR-1xtPLusdmPePcSHQVn01wb3Ow&oe=68366D20,ccbyrich,2025-05-26 16:31:46+00:00,"Cartoon Characters glass mug w/ lid. 

#uvdtf #glass #love #crafter #love #sm #instagood #fashion #photooftheday #beautiful #happy #reels #follow #likelikelike #liketimes #followforfollow #instapic #inspiration",,0,1,0,
https://instagram.fkgf3-1.fna.fbcdn.net/o1/v/t2/f2/m86/AQORQqNYPGMvDdgV4gR_2Bq1mTtoMQwucYxBnBFdH94-smxACIOUD7g_J4gzeM9ls4CGH0BNsb2q58EDNhY9VRrVtDx47d1AsmuCc6Y.mp4?_nc_cat=107&_nc_oc=AdlmMBeeo_FEKG-jfDIMeNIM_1Qiw9ijA0LZsxBLgMntrSwj_aX1RTpJuuFDercqaoI&_nc_sid=5e9851&_nc_ht=instagram.fkgf3-1.fna.fbcdn.net&_nc_ohc=0l47BkEf7IAQ7kNvwExOpNK&efg=eyJ2ZW5jb2RlX3RhZyI6Inhwdl9wcm9ncmVzc2l2ZS5JTlNUQUdSQU0uQ0xJUFMuQzMuNzIwLmRhc2hfYmFzZWxpbmVfMV92MSIsInhwdl9hc3NldF9pZCI6MTc3MjM3NTI5MzMxMjQ4MiwidmlfdXNlY2FzZV9pZCI6MTAwOTksImR1cmF0aW9uX3MiOjMwLCJ1cmxnZW5fc291cmNlIjoid3d3In0%3D&ccb=17-1&vs=c3c7b45868b1ff0d&_nc_vs=HBksFQIYUmlnX3hwdl9yZWVsc19wZXJtYW5lbnRfc3JfcHJvZC8wQzRBRTk1ODNCQTM5QjFERDY2QUJCNTJCOEQxQUQ5M192aWRlb19kYXNoaW5pdC5tcDQVAALIARIAFQIYOnBhc3N0aHJvdWdoX2V2ZXJzdG9yZS9HTEZpMGgxQlJnMUhJSWNFQUNuV2lGX2FQS3NjYnFfRUFBQUYVAgLIARIAKAAYABsCiAd1c2Vfb2lsATEScHJvZ3Jlc3NpdmVfcmVjaXBlATEVAAAmxPeh_Oj9pQYVAigCQzMsF0A-O6XjU_fPGBJkYXNoX2Jhc2VsaW5lXzFfdjERAHX-B2XmnQEA&_nc_zt=28&oh=00_AfJVFYz5-AA1ORhBSdbNKXvJdeBNZ3PYKtCPXNeKqm_rYQ&oe=68365E60,elenatee,2025-05-25 17:31:17+00:00,"DOS and don‚Äôts compilation No. 64 ‚ùå‚úÖ

#glass 
#etiquette
#manners
#buonemaniere
#etiqueta
#elenatee",,0,1354,20,
